"Qubit","T1 (us)","T2 (us)","Frequency (GHz)","Anharmonicity (GHz)","Readout assignment error ","Prob meas0 prep1 ","Prob meas1 prep0 ","Readout length (ns)","ID error ","Z-axis rotation (rz) error ","âˆšx (sx) error ","Pauli-X error ","ECR error ","Gate time (ns)","Operational"
"0","545.9690593773672","568.6155561226329","4.655667754841799","0","0.011700000000000044","0.022399999999999975","0.001","1244.4444444444443","0.00024055860203251941","0","0.00024055860203251941","0.00024055860203251941","0_1:0.004461095878737775;0_14:0.008222620827314842","0_1:561.7777777777777;0_14:561.7777777777777","true"
"1","496.7826307072451","196.3129880858137","4.534970682680464","0","0.0020999999999999908","0.0026000000000000467","0.0016","1244.4444444444443","0.00010200083711050034","0","0.00010200083711050034","0.00010200083711050034","1_2:0.009009035806531951","1_2:561.7777777777777","true"
"2","156.7545017204859","81.89762895570459","4.680125120802894","0","0.005700000000000038","0.008600000000000052","0.0028","1244.4444444444443","0.0002603938861520515","0","0.0002603938861520515","0.0002603938861520515","2_3:0.006478468846610297","2_3:561.7777777777777","true"
"3","309.93755501681164","127.06563577929343","4.606653062118176","0","0.006599999999999939","0.0094","0.0038000000000000256","1244.4444444444443","0.00016421888123538273","0","0.00016421888123538273","0.00016421888123538273","","","true"
"4","374.0557057226164","175.26951175420623","4.462289193696296","0","0.007800000000000029","0.01100000000000001","0.0046","1244.4444444444443","0.0006088398290560868","0","0.0006088398290560868","0.0006088398290560868","4_3:0.008498391596409055;4_15:0.014111499995124843","4_3:561.7777777777777;4_15:561.7777777777777","true"
"5","290.68805373620654","420.7581095718982","4.426683131967473","0","0.005800000000000027","0.009","0.0026000000000000467","1244.4444444444443","0.00021908637724390615","0","0.00021908637724390615","0.00021908637724390615","5_4:0.009407533040443505","5_4:561.7777777777777","true"
"6","336.78056289080257","176.334126296096","4.640092964520941","0","0.0048000000000000265","0.009000000000000008","0.0006","1244.4444444444443","0.000564449388209613","0","0.000564449388209613","0.000564449388209613","6_5:0.009130675763657864","6_5:561.7777777777777","true"
"7","356.7733838236071","191.50198405077248","4.475679209812651","0","0.007000000000000006","0.0076","0.006399999999999961","1244.4444444444443","0.00014754135382109997","0","0.00014754135382109997","0.00014754135382109997","7_8:0.006765990920062553;7_6:0.017452693769963196","7_8:561.7777777777777;7_6:561.7777777777777","true"
"8","213.62173761886135","195.66030215176474","4.401830589757622","0","0.0016000000000000458","0.0028000000000000247","0.0004","1244.4444444444443","0.0003238957479069167","0","0.0003238957479069167","0.0003238957479069167","8_9:0.02427906148995057","8_9:561.7777777777777","true"
"9","458.0369590851091","352.76992871887404","4.519004118522005","0","0.008599999999999941","0.009199999999999986","0.008","1244.4444444444443","0.00018725050322001248","0","0.00018725050322001248","0.00018725050322001248","","","true"
"10","203.06313528431534","43.99298804961838","4.628381739868597","0","0.007299999999999973","0.0102","0.0043999999999999595","1244.4444444444443","0.00017383734921511896","0","0.00017383734921511896","0.00017383734921511896","10_11:0.011225148504585974;10_9:0.007141951104418565","10_11:561.7777777777777;10_9:561.7777777777777","true"
"11","302.60689259478863","258.09424259966994","4.571577765555823","0","0.013399999999999967","0.0142","0.012599999999999945","1244.4444444444443","0.00021853039068858588","0","0.00021853039068858588","0.00021853039068858588","11_12:0.007839694324133256","11_12:561.7777777777777","true"
"12","192.5859702406114","162.82012293261005","4.464312228188353","0","0.005099999999999993","0.008399999999999963","0.0018","1244.4444444444443","0.0003528690367239682","0","0.0003528690367239682","0.0003528690367239682","","","true"
"13","387.2359488882063","95.38123900571091","4.573370452558969","0","0.010199999999999987","0.013399999999999967","0.007","1244.4444444444443","0.000164015171854463","0","0.000164015171854463","0.000164015171854463","13_12:0.009524533108034972","13_12:561.7777777777777","true"
"14","379.0027840663355","446.2233379432593","4.604084267039413","0","0.023700000000000054","0.018199999999999994","0.0292","1244.4444444444443","0.0003282236274012638","0","0.0003282236274012638","0.0003282236274012638","14_18:0.009227355698498224","14_18:561.7777777777777","true"
"15","404.92489206262167","61.212805399967785","4.495972869672417","0","0.027900000000000036","0.023800000000000043","0.032","1244.4444444444443","0.0005578837496218431","0","0.0005578837496218431","0.0005578837496218431","","","true"
"16","388.73431092939387","138.7281579876251","4.513265193848678","0","0.0020999999999999908","0.0033999999999999586","0.0008","1244.4444444444443","0.00011730977808161822","0","0.00011730977808161822","0.00011730977808161822","16_8:0.007854884684238145","16_8:561.7777777777777","true"
"17","327.6017868808733","52.94278689680933","4.675765453793201","0","0.043199999999999905","0.0458","0.04059999999999997","1244.4444444444443","0.0008991619573058436","0","0.0008991619573058436","0.0008991619573058436","17_12:0.013995086360481496;17_30:0.018390296357552627","17_12:561.7777777777777;17_30:561.7777777777777","true"
"18","304.2079784750772","52.06771606629739","4.514815511754497","0","0.0027999999999999137","0.0054","0.00019999999999997797","1244.4444444444443","0.00020898889447934038","0","0.00020898889447934038","0.00020898889447934038","","","true"
"19","363.40019629063136","220.7510427739796","4.444136545370471","0","0.0013999999999999568","0.0023999999999999577","0.0004","1244.4444444444443","0.00018453377839944775","0","0.00018453377839944775","0.00018453377839944775","19_18:0.01689497235532325","19_18:561.7777777777777","true"
"20","523.854163726088","448.7572643879035","4.341267316288692","0","0.026599999999999957","0.022199999999999998","0.031","1244.4444444444443","0.00014685597487652634","0","0.00014685597487652634","0.00014685597487652634","20_19:0.007202639797439847","20_19:561.7777777777777","true"
"21","291.6564669235973","182.07589755813535","4.48519181377301","0","0.009800000000000031","0.0106","0.009000000000000008","1244.4444444444443","0.00022746336368683722","0","0.00022746336368683722","0.00022746336368683722","21_22:0.010661577372801267;21_20:0.01622585919897529","21_22:561.7777777777777;21_20:561.7777777777777","true"
"22","309.2110494434383","60.31377504209552","4.382953475907704","0","0.03990000000000005","0.06000000000000005","0.0198","1244.4444444444443","0.0008637198188263622","0","0.0008637198188263622","0.0008637198188263622","22_23:0.032622762074462575;22_15:0.032469197377065245","22_23:561.7777777777777;22_15:561.7777777777777","true"
"23","322.2984589950364","156.4406855332353","4.531760029269365","0","0.0015000000000000568","0.0018000000000000238","0.0012","1244.4444444444443","0.00011056415558769119","0","0.00011056415558769119","0.00011056415558769119","23_24:0.013520842501616448","23_24:561.7777777777777","true"
"24","336.95074594465115","90.36580296306153","4.646187062776699","0","0.00550000000000006","0.009600000000000053","0.0014","1244.4444444444443","0.00037861177855230894","0","0.00037861177855230894","0.00037861177855230894","24_25:0.0081690257353218","24_25:561.7777777777777","true"
"25","180.13135942144316","222.4911975049069","4.702188163318925","0","0.007099999999999995","0.009399999999999964","0.0048","1244.4444444444443","0.00019420018686421443","0","0.00019420018686421443","0.00019420018686421443","","","true"
"26","224.91947732033506","112.75674724361926","4.6488062759477335","0","0.007500000000000062","0.010399999999999965","0.0046","1244.4444444444443","0.0003036933085225978","0","0.0003036933085225978","0.0003036933085225978","26_16:0.006988002733212928;26_27:0.008657196663708427;26_25:0.01100341589472395","26_16:561.7777777777777;26_27:561.7777777777777;26_25:561.7777777777777","true"
"27","203.26327519738288","45.125824450257085","4.61012076305559","0","0.040000000000000036","0.0342","0.04579999999999995","1244.4444444444443","0.0008671368382391279","0","0.0008671368382391279","0.0008671368382391279","","","true"
"28","151.9061989417985","14.29693322068065","4.516890086951536","0","0.005800000000000027","0.008000000000000007","0.0036","1244.4444444444443","0.00033485730051360357","0","0.00033485730051360357","0.00033485730051360357","28_27:0.011682865727938307","28_27:561.7777777777777","true"
"29","258.04672755461866","210.42404634333215","4.460005206462226","0","0.014499999999999957","0.0162","0.012800000000000034","1244.4444444444443","0.00017181219997727018","0","0.00017181219997727018","0.00017181219997727018","29_30:0.016870703744893606;29_28:0.006658026759066044","29_30:561.7777777777777;29_28:561.7777777777777","true"
"30","254.77548072829836","47.81760119531766","4.64649271190975","0","0.07440000000000002","0.08320000000000005","0.0656","1244.4444444444443","0.001516862722011982","0","0.001516862722011982","0.001516862722011982","","","true"
"31","155.02763698975033","144.88200725022912","4.613023969670836","0","0.009800000000000031","0.0102","0.009399999999999964","1244.4444444444443","0.00041598776735405713","0","0.00041598776735405713","0.00041598776735405713","31_30:0.014437746607928681;31_32:0.007123920942020273","31_30:561.7777777777777;31_32:561.7777777777777","true"
"32","329.5837624928643","98.52048329049875","4.499281639687313","0","0.012299999999999978","0.01","0.014599999999999946","1244.4444444444443","0.00016149310928355635","0","0.00016149310928355635","0.00016149310928355635","","","true"
"33","350.7626824316521","236.9487579649949","4.596922484961894","0","0.0022999999999999687","0.0031999999999999806","0.0014","1244.4444444444443","0.00008631507684306685","0","0.00008631507684306685","0.00008631507684306685","33_20:0.005456944509463768;33_39:0.007435533704990338","33_20:561.7777777777777;33_39:561.7777777777777","true"
"34","249.52865893710967","52.680049882015474","4.5619601245692545","0","0.0020000000000000018","0.0030000000000000027","0.001","1244.4444444444443","0.0002871674341495373","0","0.0002871674341495373","0.0002871674341495373","34_24:0.008491241960654067","34_24:561.7777777777777","true"
"35","332.12742195039436","157.86811074695876","4.721872055204575","0","0.012599999999999945","0.012599999999999945","0.0126","1244.4444444444443","0.0003036591620822275","0","0.0003036591620822275","0.0003036591620822275","35_47:0.01659400344640441;35_28:0.007242227263218742","35_47:561.7777777777777;35_28:561.7777777777777","true"
"36","287.83183805914473","159.95315793475302","4.608014857428899","0","0.008499999999999952","0.01200000000000001","0.005","1244.4444444444443","0.00022857770729156835","0","0.00022857770729156835","0.00022857770729156835","36_32:0.005616892838892801;36_51:0.007140260089175177","36_32:561.7777777777777;36_51:561.7777777777777","true"
"37","312.506653124836","204.6810193053865","4.497678577255504","0","0.005800000000000027","0.0076","0.0040000000000000036","1244.4444444444443","0.00026360665165542867","0","0.00026360665165542867","0.00026360665165542867","37_38:0.012867884207022118;37_52:0.016650293780975184","37_38:561.7777777777777;37_52:561.7777777777777","true"
"38","240.51238102959348","137.26991072629258","4.458514217786384","0","0.007400000000000073","0.007800000000000029","0.007","1244.4444444444443","0.00038424228256803746","0","0.00038424228256803746","0.00038424228256803746","","","true"
"39","209.0625717118673","64.97261754398944","4.504271960109906","0","0.0030000000000000027","0.0040000000000000036","0.002","1244.4444444444443","0.0003586473413868934","0","0.0003586473413868934","0.0003586473413868934","39_38:0.011392326472711378","39_38:561.7777777777777","true"
"40","485.40598544091597","41.25761542968966","4.464345771084985","0","0.00550000000000006","0.00660000000000005","0.0044","1244.4444444444443","0.00022784896836001512","0","0.00022784896836001512","0.00022784896836001512","40_39:0.01211829136636941;40_41:0.011577610656496456","40_39:561.7777777777777;40_41:561.7777777777777","true"
"41","218.64845879137593","357.94950157329356","4.575900429778598","0","0.0014000000000000679","0.0028000000000000247","0","1244.4444444444443","0.0001315261828856935","0","0.0001315261828856935","0.0001315261828856935","","","true"
"42","78.27216696698355","60.74393509791554","4.641363652456343","0","0.0028000000000000247","0.0050000000000000044","0.0006","1244.4444444444443","0.0004803934977216449","0","0.0004803934977216449","0.0004803934977216449","42_41:0.011287051675862247;42_43:0.012366252498580865","42_41:561.7777777777777;42_43:561.7777777777777","true"
"43","84.4405499718186","101.62068862667232","4.523119042832709","0","0.0047999999999999154","0.006199999999999983","0.0034","1244.4444444444443","0.00028133598960432146","0","0.00028133598960432146","0.00028133598960432146","43_34:0.012199684799479443","43_34:561.7777777777777","true"
"44","476.4296994760221","237.04506769687427","4.59458911251469","0","0.02190000000000003","0.022800000000000042","0.021","1244.4444444444443","0.00028023186450760345","0","0.00028023186450760345","0.00028023186450760345","44_43:0.014236765891139563","44_43:561.7777777777777","true"
"45","310.75920226371403","97.28914939654072","4.630450939506858","0","0.0023999999999999577","0.0040000000000000036","0.0008","1244.4444444444443","0.0001721891354732342","0","0.0001721891354732342","0.0001721891354732342","45_44:0.007227642861269451;45_46:0.013616564358947841","45_44:561.7777777777777;45_46:561.7777777777777","true"
"46","204.74506602446925","40.184570955303194","4.710096849290728","0","0.006299999999999972","0.010399999999999965","0.0022","1244.4444444444443","0.00045309295708104505","0","0.00045309295708104505","0.00045309295708104505","46_47:0.020658116566998647","46_47:561.7777777777777","true"
"47","341.1323391266831","96.62933933526953","4.670791824991159","0","0.310546875","0.279296875","0.341796875","1244.4444444444443","0.0030658609135221604","0","0.0030658609135221604","0.0030658609135221604","","","true"
"48","308.5689496384189","57.68126127860995","4.625120221258787","0","0.0400390625","0.01953125","0.060546875","1244.4444444444443","0.00023049157260824726","0","0.00023049157260824726","0.00023049157260824726","48_49:0.009967967469612288;48_47:0.013505444228573027","48_49:561.7777777777777;48_47:561.7777777777777","true"
"49","282.2629438342211","50.571143476393104","4.581946233173021","0","0.012699999999999934","0.01639999999999997","0.009","1244.4444444444443","0.0002088619228273883","0","0.0002088619228273883","0.0002088619228273883","","","true"
"50","407.7783757296471","55.02225587073809","4.457860771525884","0","0.006700000000000039","0.0068","0.00660000000000005","1244.4444444444443","0.00014969337023678657","0","0.00014969337023678657","0.00014969337023678657","50_51:0.008694330482418494;50_49:0.011536589522938567","50_51:561.7777777777777;50_49:561.7777777777777","true"
"51","306.57589307495516","57.50206664270531","4.56537080619376","0","0.02279999999999993","0.016199999999999992","0.0294","1244.4444444444443","0.0004701756894610919","0","0.0004701756894610919","0.0004701756894610919","","","true"
"52","206.98900376089594","27.48039177625123","4.444541541647507","0","0.01100000000000001","0.0108","0.011199999999999988","1244.4444444444443","0.0011810351042409288","0","0.0011810351042409288","0.0011810351042409288","","","true"
"53","305.04863420888057","453.04656512541277","4.6220004336089975","0","0.0041999999999999815","0.00539999999999996","0.003","1244.4444444444443","0.0001387370013700219","0","0.0001387370013700219","0.0001387370013700219","53_60:0.005040103878428404;53_41:0.004059754914774644","53_60:561.7777777777777;53_41:561.7777777777777","true"
"54","352.9966437867773","24.25269315544816","4.501318160343457","0","0.006199999999999983","0.0068","0.005600000000000049","1244.4444444444443","0.00032896671835071185","0","0.00032896671835071185","0.00032896671835071185","54_45:0.013003668224138759;54_64:0.010614902504354345","54_45:561.7777777777777;54_64:561.7777777777777","true"
"55","344.5214181825143","32.160572512556904","4.686240843220327","0","0.0051000000000001044","0.005600000000000049","0.0046","1244.4444444444443","0.00016527407492356014","0","0.00016527407492356014","0.00016527407492356014","55_49:0.011597514413918708","55_49:561.7777777777777","true"
"56","229.77436341554778","39.71622506695495","4.553787474818587","0","0.009399999999999964","0.0176","0.0011999999999999789","1244.4444444444443","0.0013410151629851825","0","0.0013410151629851825","0.0013410151629851825","56_52:0.019532697737227295","56_52:561.7777777777777","true"
"57","311.4498259305461","108.76375201253973","4.6395882422740975","0","0.006000000000000005","0.011600000000000055","0.0004","1244.4444444444443","0.0009884050150563328","0","0.0009884050150563328","0.0009884050150563328","57_58:0.012014696673010833;57_56:0.02669773492917979","57_58:561.7777777777777;57_56:561.7777777777777","true"
"58","279.92111424855","37.3122958054173","4.609459828759635","0","0.010000000000000009","0.013599999999999945","0.0064","1244.4444444444443","0.00048412011080660786","0","0.00048412011080660786","0.00048412011080660786","58_59:0.022030807842538025;58_71:0.03177852065540854","58_59:561.7777777777777;58_71:561.7777777777777","true"
"59","245.00119658789717","74.83687522802407","4.769984072222006","0","0.0041999999999999815","0.008000000000000007","0.0004","1244.4444444444443","0.0010128411720264463","0","0.0010128411720264463","0.0010128411720264463","59_60:0.022672367106647523","59_60:561.7777777777777","true"
"60","278.0776444658239","443.5573420461293","4.51759046294214","0","0.005800000000000027","0.0074","0.0041999999999999815","1244.4444444444443","0.00023964357847717176","0","0.00023964357847717176","0.00023964357847717176","60_61:0.008492935662383516","60_61:561.7777777777777","true"
"61","292.8802360351698","167.08300038429772","4.689285681508519","0","0.010399999999999965","0.011399999999999966","0.0094","1244.4444444444443","0.0001886567099618552","0","0.0001886567099618552","0.0001886567099618552","61_62:0.019314389346162503","61_62:561.7777777777777","true"
"62","198.37914980078372","27.411554146903022","4.647022991774242","0","0.026000000000000023","0.0232","0.0288","1244.4444444444443","0.0008467882450884368","0","0.0008467882450884368","0.0008467882450884368","","","true"
"63","249.4898266837783","148.2156369591382","4.507465126367413","0","0.0032999999999999696","0.005199999999999982","0.0014","1244.4444444444443","0.0003876793906656045","0","0.0003876793906656045","0.0003876793906656045","63_62:0.012918964635016544;63_64:0.00666843267394443","63_62:561.7777777777777;63_64:561.7777777777777","true"
"64","211.66663972127998","48.05900499960023","4.463140900576362","0","0.005400000000000071","0.010199999999999987","0.0006","1244.4444444444443","0.00031229352456609927","0","0.00031229352456609927","0.00031229352456609927","64_65:0.021523200533591746","64_65:561.7777777777777","true"
"65","252.29273863589137","345.0463783808612","4.61524886071895","0","0.0030000000000000027","0.006000000000000005","0","1244.4444444444443","0.00026719123923594476","0","0.00026719123923594476","0.00026719123923594476","","","true"
"66","324.271700394968","57.75528303588959","4.650700671269639","0","0.01970000000000005","0.0242","0.015199999999999991","1244.4444444444443","0.001983957902993081","0","0.001983957902993081","0.001983957902993081","66_65:0.01825556889488597;66_67:0.02628062003835266","66_65:561.7777777777777;66_67:561.7777777777777","true"
"67","125.90200679134668","39.25181381336034","4.714533247004673","0","0.00990000000000002","0.0152","0.0046000000000000485","1244.4444444444443","0.0004033630060811556","0","0.0004033630060811556","0.0004033630060811556","67_68:0.019662151761104613","67_68:561.7777777777777","true"
"68","263.8629279182554","41.663175947478194","4.612755107366011","0","0.012599999999999945","0.017","0.008199999999999985","1244.4444444444443","0.00028760976348642824","0","0.00028760976348642824","0.00028760976348642824","68_69:0.012453015725599731;68_55:0.009056624898981125","68_69:561.7777777777777;68_55:561.7777777777777","true"
"69","329.637078502398","57.68638091538346","4.5514288221776384","0","0.0028000000000000247","0.0020000000000000018","0.0036","1244.4444444444443","0.00021732940004151493","0","0.00021732940004151493","0.00021732940004151493","69_70:0.010150909721528628","69_70:561.7777777777777","true"
"70","136.60618530247262","33.72228660230001","4.71191954078685","0","0.0032999999999999696","0.006199999999999983","0.0004","1244.4444444444443","0.0003321702082070396","0","0.0003321702082070396","0.0003321702082070396","70_74:0.008188160671966371","70_74:561.7777777777777","true"
"71","13.518889655237002","14.137130444766493","4.546102184464764","0","0.0363","0.05059999999999998","0.022","1244.4444444444443","0.0018651339150558763","0","0.0018651339150558763","0.0018651339150558763","","","true"
"72","201.85958215754508","233.8702998717461","4.576616527180752","0","0.0021999999999999797","0.0038000000000000256","0.0006","1244.4444444444443","0.0001557806462326375","0","0.0001557806462326375","0.0001557806462326375","72_62:0.010486205528814935;72_81:0.006240497448774529","72_62:561.7777777777777;72_81:561.7777777777777","true"
"73","175.72108780816146","79.54122327351334","4.822091151645241","0","0.007800000000000029","0.011399999999999966","0.0042","1244.4444444444443","0.001067125810399185","0","0.001067125810399185","0.001067125810399185","73_66:0.0270351231497703;73_85:0.024430931714225","73_66:561.7777777777777;73_85:561.7777777777777","true"
"74","336.19960176652717","284.2845302015762","4.6096634858353855","0","0.050999999999999934","0.0436","0.05840000000000001","1244.4444444444443","0.00013343643564212634","0","0.00013343643564212634","0.00013343643564212634","","","true"
"75","256.3367590163306","151.23863731949854","4.787404210392802","0","0.0019000000000000128","0.0024","0.0013999999999999568","1244.4444444444443","0.00014527038308928487","0","0.00014527038308928487","0.00014527038308928487","75_90:0.007420112531943107;75_76:0.006907767521299041","75_90:561.7777777777777;75_76:561.7777777777777","true"
"76","339.6724444875387","226.8076144985569","4.683346140920358","0","0.0023999999999999577","0.0040000000000000036","0.0008","1244.4444444444443","0.00019157489390608424","0","0.00019157489390608424","0.00019157489390608424","76_77:0.010063780159315139","76_77:561.7777777777777","true"
"77","286.291021638164","223.34475728262979","4.576659631011698","0","0.0595703125","0.02734375","0.091796875","1244.4444444444443","0.0007490977858252226","0","0.0007490977858252226","0.0007490977858252226","77_78:0.012420029721108589;77_71:0.019676178683682516","77_78:561.7777777777777;77_71:561.7777777777777","true"
"78","345.70549093217636","285.98045893339054","4.483450313844114","0","0.02734375","0.009765625","0.044921875","1244.4444444444443","0.0001589666916744189","0","0.0001589666916744189","0.0001589666916744189","","","true"
"79","287.86542478968767","68.27076250156338","4.5706852923142165","0","0.126953125","0.107421875","0.146484375","1244.4444444444443","0.00047091425108669214","0","0.00047091425108669214","0.00047091425108669214","79_78:0.008325300042199196","79_78:561.7777777777777","true"
"80","29.00800102518456","27.685396622199665","4.600468057101105","0","0.14","0.20440000000000003","0.0756","1244.4444444444443","0.009391569526313231","0","0.009391569526313231","0.009391569526313231","80_81:0.05477170893151978;80_79:0.047875305868119306","80_81:561.7777777777777;80_79:561.7777777777777","true"
"81","229.65044490526154","77.50573746015033","4.498679972707844","0","0.0034000000000000696","0.0041999999999999815","0.0026","1244.4444444444443","0.0001940206603510785","0","0.0001940206603510785","0.0001940206603510785","","","true"
"82","257.8755736143694","99.28083563423678","4.602314115029437","0","0.0475000000000001","0.08720000000000006","0.0078","1244.4444444444443","0.0013357980544088388","0","0.0013357980544088388","0.0013357980544088388","82_83:0.00972364352062649;82_81:0.010230007320198659","82_83:561.7777777777777;82_81:561.7777777777777","true"
"83","342.6517251343816","47.016098174973195","4.636300379296027","0","0.020499999999999963","0.0238","0.017199999999999993","1244.4444444444443","0.00032961176861824387","0","0.00032961176861824387","0.00032961176861824387","","","true"
"84","224.69235088688754","147.4381248551857","4.749575514122158","0","0.0044999999999999485","0.007199999999999984","0.0018","1244.4444444444443","0.00019278435809967425","0","0.00019278435809967425","0.00019278435809967425","84_83:0.0046597334671778234","84_83:561.7777777777777","true"
"85","261.43436466453363","227.26486911048602","4.586875694019548","0","0.0023999999999999577","0.0038","0.0010000000000000009","1244.4444444444443","0.00022009145373552832","0","0.00022009145373552832","0.00022009145373552832","85_86:0.03201664101340851;85_84:0.011374942727162968","85_86:561.7777777777777;85_84:561.7777777777777","true"
"86","254.90275912832655","173.00089602780764","4.756398806270046","0","0.04369999999999996","0.04379999999999995","0.0436","1244.4444444444443","0.0005843200549208453","0","0.0005843200549208453","0.0005843200549208453","","","true"
"87","203.36946166962724","31.486186479125188","4.725082715335392","0","0.019600000000000062","0.0232","0.016","1244.4444444444443","0.0006193205619504445","0","0.0006193205619504445","0.0006193205619504445","87_93:0.019715182357993882;87_86:0.01403848189415613","87_93:561.7777777777777;87_86:561.7777777777777","true"
"88","240.30980459807233","34.53003139634558","4.566481592026702","0","0.021100000000000008","0.029000000000000026","0.0132","1244.4444444444443","0.00024195191967424392","0","0.00024195191967424392","0.00024195191967424392","88_89:0.019831248568117965;88_87:0.018040770530508093","88_89:561.7777777777777;88_87:561.7777777777777","true"
"89","259.1792741681736","150.29088895038007","4.796707575319644","0","0.04489999999999994","0.04","0.049799999999999955","1244.4444444444443","0.00015284169173131884","0","0.00015284169173131884","0.00015284169173131884","89_74:0.01540346087884692","89_74:561.7777777777777","true"
"90","300.0646687846685","194.14588360772478","4.704275099452071","0","0.0040999999999999925","0.007000000000000006","0.0012","1244.4444444444443","0.0003759811126056821","0","0.0003759811126056821","0.0003759811126056821","","","true"
"91","319.471324314405","87.20657422140674","4.709009978441138","0","0.0033000000000000806","0.0048000000000000265","0.0018","1244.4444444444443","0.00012713927845651803","0","0.00012713927845651803","0.00012713927845651803","91_79:0.016600555470282857;91_98:0.008040872544931188","91_79:561.7777777777777;91_98:561.7777777777777","true"
"92","142.67207909355645","67.91009118803973","4.729508479591034","0","0.0019000000000000128","0.0026000000000000467","0.0012","1244.4444444444443","0.0001804744845961906","0","0.0001804744845961906","0.0001804744845961906","92_83:0.008842676147656658;92_102:0.011039333432068948","92_83:561.7777777777777;92_102:561.7777777777777","true"
"93","101.94979217324142","107.78828848669602","4.678338741081567","0","0.01090000000000002","0.016000000000000014","0.0058","1244.4444444444443","0.0008765823717114586","0","0.0008765823717114586","0.0008765823717114586","93_106:0.023389463063977906","93_106:561.7777777777777","true"
"94","238.95081638152908","168.3653910419875","4.8761372433706365","0","0.00550000000000006","0.0068","0.0041999999999999815","1244.4444444444443","0.000218996323937393","0","0.000218996323937393","0.000218996323937393","94_90:0.008625984507998175;94_95:0.02174582308111747","94_90:561.7777777777777;94_95:561.7777777777777","true"
"95","283.7285094525098","23.63725172092299","4.597072428959265","0","0.010000000000000009","0.016000000000000014","0.004","1244.4444444444443","0.00017466511684334675","0","0.00017466511684334675","0.00017466511684334675","","","true"
"96","279.2696779227408","238.6481609945006","4.733026110878628","0","0.011400000000000077","0.02","0.0028000000000000247","1244.4444444444443","0.00032988875984131993","0","0.00032988875984131993","0.00032988875984131993","96_95:0.00944278031386192;96_109:0.013221871614674363;96_97:0.013190984518885451","96_95:561.7777777777777;96_109:561.7777777777777;96_97:561.7777777777777","true"
"97","231.87304600075186","213.64855366825898","4.806690500910263","0","0.008199999999999985","0.014599999999999946","0.0018","1244.4444444444443","0.000422731974877046","0","0.000422731974877046","0.000422731974877046","97_98:0.01106552604371211","97_98:561.7777777777777","true"
"98","170.17979218156026","31.41689173916989","4.608997204080558","0","0.00660000000000005","0.0096","0.0036000000000000476","1244.4444444444443","0.0004226668445397928","0","0.0004226668445397928","0.0004226668445397928","98_99:0.010716158877670384","98_99:561.7777777777777","true"
"99","239.7060759825667","71.8534111976281","4.574510122706036","0","0.00550000000000006","0.009399999999999964","0.0016","1244.4444444444443","0.00031231286949699803","0","0.00031231286949699803","0.00031231286949699803","","","true"
"100","187.8006604755582","50.05494223959512","4.647313557617196","0","0.0016000000000000458","0.0031999999999999806","0","1244.4444444444443","0.00024500997399721456","0","0.00024500997399721456","0.00024500997399721456","100_99:0.01072885382498004;100_110:0.008975393163734108","100_99:561.7777777777777;100_110:561.7777777777777","true"
"101","144.95429812576762","196.89082704181183","4.724304325679862","0","0.0036000000000000476","0.00539999999999996","0.0018","1244.4444444444443","0.0002787614133108215","0","0.0002787614133108215","0.0002787614133108215","101_100:0.015932190440676203;101_102:0.012689312767994176","101_100:561.7777777777777;101_102:561.7777777777777","true"
"102","141.2613112466314","154.07657597799746","4.6043185922135","0","0.0033999999999999586","0.0054","0.0013999999999999568","1244.4444444444443","0.00043633189259735153","0","0.00043633189259735153","0.00043633189259735153","","","true"
"103","285.8784659712072","168.6481812527286","4.664324530334935","0","0.0026000000000000467","0.0046000000000000485","0.0006","1244.4444444444443","0.0001711971655400521","0","0.0001711971655400521","0.0001711971655400521","103_102:0.009571535215336241;103_104:0.008636376187025396","103_102:561.7777777777777;103_104:561.7777777777777","true"
"104","251.05039002452435","34.839153997730726","4.802272815463523","0","0.005800000000000027","0.007","0.0046000000000000485","1244.4444444444443","0.0004175352660775677","0","0.0004175352660775677","0.0004175352660775677","","","true"
"105","137.18187859871225","83.62111524544305","4.739862549389961","0","0.0050000000000000044","0.0092","0.0008000000000000229","1244.4444444444443","0.0006369493021071944","0","0.0006369493021071944","0.0006369493021071944","105_104:0.023914144371054102;105_106:0.01708709482127399","105_104:561.7777777777777;105_106:561.7777777777777","true"
"106","297.71115799590956","43.297849454663265","4.710469000119299","0","0.02939999999999998","0.0272","0.03159999999999996","1244.4444444444443","0.0010710383812064612","0","0.0010710383812064612","0.0010710383812064612","","","true"
"107","292.0473212778983","36.68787088605235","4.6154875201147885","0","0.006900000000000017","0.011199999999999988","0.0026","1244.4444444444443","0.00019310145568593462","0","0.00019310145568593462","0.00019310145568593462","107_106:0.020113959093797623;107_108:0.004783243436054685","107_106:561.7777777777777;107_108:561.7777777777777","true"
"108","306.63613680702116","295.5332227442433","4.546232004136122","0","0.008700000000000041","0.013800000000000034","0.0036","1244.4444444444443","0.00021089279048260202","0","0.00021089279048260202","0.00021089279048260202","108_112:0.006828186337724751","108_112:561.7777777777777","true"
"109","217.78778191722935","36.223192498113626","4.875211617480971","0","0.015100000000000002","0.013399999999999967","0.0168","1244.4444444444443","0.0004530574502410359","0","0.0004530574502410359","0.0004530574502410359","109_114:0.013304146760018926","109_114:561.7777777777777","true"
"110","145.69400960428132","56.23490214122632","4.805822459232418","0","0.0044999999999999485","0.006000000000000005","0.003","1244.4444444444443","0.00016163535205381165","0","0.00016163535205381165","0.00016163535205381165","110_118:0.010272089857905564","110_118:561.7777777777777","true"
"111","173.15014353045385","89.971577252571","4.768723491289277","0","0.0045999999999999375","0.008000000000000007","0.0012","1244.4444444444443","0.00028580334183096913","0","0.00028580334183096913","0.00028580334183096913","111_104:0.012463693575387902;111_122:0.01936609260111921","111_104:561.7777777777777;111_122:561.7777777777777","true"
"112","354.1818796212621","407.84601484494857","4.5836429077246175","0","0.0048000000000000265","0.007000000000000006","0.0026","1244.4444444444443","0.00018057200936339696","0","0.00018057200936339696","0.00018057200936339696","","","true"
"113","170.29480685648863","93.23239764477428","4.655661642906571","0","0.0021999999999999797","0.0033999999999999586","0.001","1244.4444444444443","0.00017224356334772723","0","0.00017224356334772723","0.00017224356334772723","","","true"
"114","263.12431257532273","23.780219211014163","4.781712896795454","0","0.020000000000000018","0.0036000000000000476","0.0364","1244.4444444444443","0.0002939980450042387","0","0.0002939980450042387","0.0002939980450042387","114_115:0.0125859738357387;114_113:0.012359444938569997","114_115:561.7777777777777;114_113:561.7777777777777","true"
"115","156.13978959902445","120.45765212140529","4.709543619115297","0","0.01100000000000001","0.020000000000000018","0.002","1244.4444444444443","0.0001521541577571634","0","0.0001521541577571634","0.0001521541577571634","","","true"
"116","116.69547624108118","147.54959548841074","4.9589034968576415","0","0.006000000000000005","0.010600000000000054","0.0014","1244.4444444444443","0.0002818907855847702","0","0.0002818907855847702","0.0002818907855847702","116_117:0.008453931244879531;116_115:0.01194760829779351","116_117:561.7777777777777;116_115:561.7777777777777","true"
"117","242.16603332086873","70.19930962205567","4.831574260516488","0","0.0131","0.016199999999999992","0.01","1244.4444444444443","0.00016370832360614444","0","0.00016370832360614444","0.00016370832360614444","117_118:0.005407242220654085","117_118:561.7777777777777","true"
"118","117.21318226863112","174.69096031833337","4.749129813508718","0","0.0026000000000000467","0.0046","0.0006000000000000449","1244.4444444444443","0.0001828149448949536","0","0.0001828149448949536","0.0001828149448949536","118_119:0.0160173463076676","118_119:561.7777777777777","true"
"119","221.82760826754694","168.0715969929737","4.610728869195339","0","0.005900000000000016","0.01100000000000001","0.0008","1244.4444444444443","0.000642082743822164","0","0.000642082743822164","0.000642082743822164","119_120:0.020661045249959292","119_120:561.7777777777777","true"
"120","248.607269351457","255.31631147379514","4.500652564998401","0","0.0036000000000000476","0.007000000000000006","0.0002","1244.4444444444443","0.00036512775618207245","0","0.00036512775618207245","0.00036512775618207245","","","true"
"121","302.4732872741779","113.57189494885942","4.620331603640411","0","0.07400000000000007","0.0664","0.0816","1244.4444444444443","0.00011673835873054273","0","0.00011673835873054273","0.00011673835873054273","121_120:0.019394451159018417","121_120:561.7777777777777","true"
"122","269.79281600257025","342.53585278899277","4.6880473967813545","0","0.0023999999999999577","0.0041999999999999815","0.0006","1244.4444444444443","0.00038932091739384364","0","0.00038932091739384364","0.00038932091739384364","122_123:0.008589387237867924;122_121:0.011355373998028107","122_123:561.7777777777777;122_121:561.7777777777777","true"
"123","247.33660349055782","240.77210128186655","4.730581360537833","0","0.08850000000000002","0.08520000000000005","0.0918","1244.4444444444443","0.00018290651617642258","0","0.00018290651617642258","0.00018290651617642258","123_124:0.009709526847415079","123_124:561.7777777777777","true"
"124","328.79727675582967","53.822178433373814","4.635032862666731","0","0.0022999999999999687","0.0036000000000000476","0.001","1244.4444444444443","0.00013399476437154413","0","0.00013399476437154413","0.00013399476437154413","","","true"
"125","311.857941960664","293.83293519714584","4.737116411905633","0","0.0030000000000000027","0.0040000000000000036","0.002","1244.4444444444443","0.0005877025720071621","0","0.0005877025720071621","0.0005877025720071621","125_124:0.014318480254742028;125_126:0.00928021981945018","125_124:561.7777777777777;125_126:561.7777777777777","true"
"126","235.02241929425736","56.72613093436402","4.702942386670661","0","0.0047999999999999154","0.007199999999999984","0.0024","1244.4444444444443","0.00017835041952696956","0","0.00017835041952696956","0.00017835041952696956","126_112:0.013463988027650337","126_112:561.7777777777777","true"