"Qubit","T1 (us)","T2 (us)","Frequency (GHz)","Anharmonicity (GHz)","Readout assignment error ","Prob meas0 prep1 ","Prob meas1 prep0 ","Readout length (ns)","ID error ","Z-axis rotation (rz) error ","âˆšx (sx) error ","Pauli-X error ","CZ error ","Gate time (ns)","Operational"
"0","71.15111820441707","155.78605277169407","0","0","0.05520000000000003","0.05400000000000005","0.0564","1560","0.0002995716033752694","0","0.0002995716033752694","0.0002995716033752694","0_15:0.0034130974924701796;0_1:0.005697860072807065","0_15:124;0_1:84","true"
"1","79.72110951543556","100.58812600625588","0","0","0.011299999999999977","0.0152","0.007399999999999962","1560","0.0003321633764336103","0","0.0003321633764336103","0.0003321633764336103","1_2:0.003948488653781029;1_0:0.005697860072807065","1_2:124;1_0:84","true"
"2","235.1736269321764","136.40643930512945","0","0","0.04959999999999998","0.0464","0.0528","1560","0.0007196018349376937","0","0.0007196018349376937","0.0007196018349376937","2_3:0.006484588562075871;2_1:0.003948488653781029","2_3:84;2_1:124","true"
"3","209.3308334537945","85.43110193378581","0","0","0.016000000000000014","0.0186","0.013399999999999967","1560","0.00025602488460325636","0","0.00025602488460325636","0.00025602488460325636","3_2:0.006484588562075871;3_4:0.009702250216173963","3_2:84;3_4:84","true"
"4","163.41992409260578","215.92181633373892","0","0","0.040100000000000025","0.06540000000000001","0.0148","1560","0.0010017953306356488","0","0.0010017953306356488","0.0010017953306356488","4_16:0.006302490265424732;4_3:0.009702250216173963;4_5:0.005159950120796314","4_16:124;4_3:84;4_5:124","true"
"5","234.5777158518523","226.87213136553223","0","0","0.03949999999999998","0.0322","0.04679999999999995","1560","0.00023624062702258793","0","0.00023624062702258793","0.00023624062702258793","5_6:0.01096038988469597;5_4:0.005159950120796314","5_6:84;5_4:124","true"
"6","49.240631726921656","63.02364494179451","0","0","0.0242","0.03180000000000005","0.0166","1560","0.0003732631891947589","0","0.0003732631891947589","0.0003732631891947589","6_7:0.02161791089482315;6_5:0.01096038988469597","6_7:84;6_5:84","true"
"7","77.11860278433434","62.14607474440907","0","0","0.026499999999999968","0.0334","0.01959999999999995","1560","0.002685388616858652","0","0.002685388616858652","0.002685388616858652","7_6:0.02161791089482315;7_8:0.01903744518497477","7_6:84;7_8:100","true"
"8","208.7610185138483","172.77920775986624","0","0","0.03200000000000003","0.03859999999999997","0.0254","1560","0.00033831222179753965","0","0.00033831222179753965","0.00033831222179753965","8_17:0.00320359202897047;8_7:0.01903744518497477;8_9:0.0029731092364473632","8_17:124;8_7:100;8_9:84","true"
"9","189.36439946912222","195.89359155548524","0","0","0.01639999999999997","0.0242","0.0086","1560","0.0003983212927387574","0","0.0003983212927387574","0.0003983212927387574","9_10:0.003233837170683651;9_8:0.0029731092364473632","9_10:124;9_8:84","true"
"10","156.7359597966574","161.47722141664914","0","0","0.03079999999999994","0.0392","0.022399999999999975","1560","0.00013259794781072496","0","0.00013259794781072496","0.00013259794781072496","10_11:0.004785306646676146;10_9:0.003233837170683651","10_11:124;10_9:124","true"
"11","89.75689384558633","126.13576208233228","0","0","0.014799999999999924","0.0244","0.005199999999999982","1560","0.0003914899831312032","0","0.0003914899831312032","0.0003914899831312032","11_10:0.004785306646676146;11_12:0.015060188627573634","11_10:124;11_12:84","true"
"12","168.6900593250212","172.97590544466266","0","0","0.017800000000000038","0.0192","0.01639999999999997","1560","0.0001599950941608887","0","0.0001599950941608887","0.0001599950941608887","12_18:0.00433422359174615;12_11:0.015060188627573634;12_13:0.0037804506348515232","12_18:124;12_11:84;12_13:124","true"
"13","155.2383743925534","207.31402706476123","0","0","0.014699999999999935","0.0148","0.014599999999999946","1560","0.00017985423844165126","0","0.00017985423844165126","0.00017985423844165126","13_14:0.007506736176036949;13_12:0.0037804506348515232","13_14:84;13_12:124","true"
"14","257.02150535820607","101.24842936414242","0","0","0.01760000000000006","0.0142","0.02100000000000002","1560","0.0001713042372762256","0","0.0001713042372762256","0.0001713042372762256","14_13:0.007506736176036949","14_13:84","true"
"15","124.60518554038804","37.11268608565747","0","0","0.014799999999999924","0.01539999999999997","0.0142","1560","0.0003668490121867314","0","0.0003668490121867314","0.0003668490121867314","15_19:0.005764718983289369;15_0:0.0034130974924701796","15_19:84;15_0:124","true"
"16","134.87951463308877","154.39780120054448","0","0","0.01090000000000002","0.0148","0.007000000000000006","1560","0.00042011425482799814","0","0.00042011425482799814","0.00042011425482799814","16_23:0.004883879022107657;16_4:0.006302490265424732","16_23:200;16_4:124","true"
"17","135.46772702778856","89.71432621010776","0","0","0.010699999999999932","0.013599999999999945","0.0078","1560","0.0004206145091691009","0","0.0004206145091691009","0.0004206145091691009","17_27:0.0041005505510010865;17_8:0.00320359202897047","17_27:176;17_8:124","true"
"18","11.269450548309411","29.861240272270823","0","0","0.009299999999999975","0.0132","0.00539999999999996","1560","0.0005131666952835513","0","0.0005131666952835513","0.0005131666952835513","18_31:0.010896429477572855;18_12:0.00433422359174615","18_31:100;18_12:124","true"
"19","200.5912955728604","186.0917544616087","0","0","0.038899999999999935","0.050799999999999956","0.027","1560","0.000573212830097181","0","0.000573212830097181","0.000573212830097181","19_15:0.005764718983289369;19_20:0.01168242194747765","19_15:84;19_20:124","true"
"20","119.87273139553763","103.76277491305339","0","0","0.013399999999999967","0.0186","0.008199999999999985","1560","0.00029493642145222564","0","0.00029493642145222564","0.00029493642145222564","20_19:0.01168242194747765;20_21:0.03232642318664769","20_19:124;20_21:100","true"
"21","150.90310959864019","33.74872262000331","0","0","0.03190000000000004","0.03859999999999997","0.0252","1560","0.0025099647588930486","0","0.0025099647588930486","0.0025099647588930486","21_34:0.04804657942773871;21_22:0.026545381455352457;21_20:0.03232642318664769","21_34:84;21_22:100;21_20:100","true"
"22","72.71917432955506","91.64286441665713","0","0","0.011199999999999988","0.01859999999999995","0.0038","1560","0.0003065196337348104","0","0.0003065196337348104","0.0003065196337348104","22_23:0.004141884659585482;22_21:0.026545381455352457","22_23:100;22_21:100","true"
"23","167.24829432983663","172.32716803057073","0","0","0.009600000000000053","0.008","0.011199999999999988","1560","0.00017541952674807984","0","0.00017541952674807984","0.00017541952674807984","23_16:0.004883879022107657;23_22:0.004141884659585482;23_24:0.0048629339956244855","23_16:200;23_22:100;23_24:84","true"
"24","39.728891687411945","38.156595513025074","0","0","0.011900000000000022","0.018199999999999994","0.0056","1560","0.0008835760481170727","0","0.0008835760481170727","0.0008835760481170727","24_23:0.0048629339956244855;24_25:0.004575824681470997","24_23:84;24_25:84","true"
"25","108.23256882372922","135.79877022110887","0","0","0.027599999999999958","0.03979999999999995","0.0154","1560","0.00039588482831102415","0","0.00039588482831102415","0.00039588482831102415","25_35:0.003026988031493927;25_26:0.003023052356888184;25_24:0.004575824681470997","25_35:124;25_26:100;25_24:84","true"
"26","76.74159453056643","106.40492829323972","0","0","0.12070000000000003","0.1188","0.12260000000000004","1560","0.00024384548860723198","0","0.00024384548860723198","0.00024384548860723198","26_27:0.006737143878556118;26_25:0.003023052356888184","26_27:84;26_25:100","true"
"27","164.28964514888793","87.85483285940356","0","0","0.10860000000000003","0.11219999999999997","0.105","1560","0.00026262904930442015","0","0.00026262904930442015","0.00026262904930442015","27_17:0.0041005505510010865;27_26:0.006737143878556118;27_28:0.002990910788364054","27_17:176;27_26:84;27_28:100","true"
"28","165.38370883252182","151.11413763730914","0","0","0.07319999999999993","0.0654","0.08099999999999996","1560","0.0004192370257546267","0","0.0004192370257546267","0.0004192370257546267","28_27:0.002990910788364054;28_29:0.006431615643032518","28_27:100;28_29:132","true"
"29","75.68712994369167","109.1304121989496","0","0","0.04380000000000006","0.04500000000000004","0.0426","1560","0.0004112382156943539","0","0.0004112382156943539","0.0004112382156943539","29_36:0.0026662607623022527;29_30:0.0027221956409353154;29_28:0.006431615643032518","29_36:84;29_30:84;29_28:132","true"
"30","122.88475042958984","93.12485455699604","0","0","0.05359999999999998","0.0596","0.047599999999999976","1560","0.000340836859778508","0","0.000340836859778508","0.000340836859778508","30_31:0.004756862820692487;30_29:0.0027221956409353154","30_31:124;30_29:84","true"
"31","187.67044363375393","192.2314197576632","0","0","0.02429999999999999","0.025000000000000022","0.0236","1560","0.00016231258568029128","0","0.00016231258568029128","0.00016231258568029128","31_18:0.010896429477572855;31_30:0.004756862820692487;31_32:0.00601443652886377","31_18:100;31_30:124;31_32:84","true"
"32","197.4199092965372","158.0145004940724","0","0","0.06789999999999996","0.0728","0.06299999999999994","1560","0.00023259020758003874","0","0.00023259020758003874","0.00023259020758003874","32_31:0.00601443652886377;32_33:1","32_31:84;32_33:84","true"
"33","45.67122237419684","189.08489861662883","0","0","0.4333","0.7162","0.1504","1560","0.008117583497543403","0","0.008117583497543403","0.008117583497543403","33_37:1;33_32:1","33_37:104;33_32:84","true"
"34","271.42743447980274","86.43069859549868","0","0","0.008199999999999985","0.0092","0.007199999999999984","1560","0.0004914282828397511","0","0.0004914282828397511","0.0004914282828397511","34_40:0.0034592607392630037;34_21:0.04804657942773871","34_40:112;34_21:84","true"
"35","173.18966395012703","109.01130384516077","0","0","0.0121","0.0104","0.013800000000000034","1560","0.00024400684884602654","0","0.00024400684884602654","0.00024400684884602654","35_44:0.0032526910324510716;35_25:0.003026988031493927","35_44:124;35_25:124","true"
"36","60.59397920293995","84.61017549744386","0","0","0.04420000000000002","0.0524","0.03600000000000003","1560","0.0005164248857542946","0","0.0005164248857542946","0.0005164248857542946","36_48:0.0032720130559361904;36_29:0.0026662607623022527","36_48:84;36_29:84","true"
"37","151.4467237662935","123.46946650704827","0","0","0.06309999999999993","0.0766","0.0496","1560","0.000275141755985939","0","0.000275141755985939","0.000275141755985939","37_52:0.002956120974101223;37_33:1","37_52:120;37_33:104","true"
"38","134.27587222696843","167.14596331270326","0","0","0.1109","0.129","0.0928","1560","0.0003246938515318065","0","0.0003246938515318065","0.0003246938515318065","38_53:0.008510964863106985;38_39:0.003389774657309136","38_53:124;38_39:84","true"
"39","83.43260648483646","126.19562401960997","0","0","0.01079999999999992","0.0114","0.010199999999999987","1560","0.00022239236912370572","0","0.00022239236912370572","0.00022239236912370572","39_40:0.011874563383194675;39_38:0.003389774657309136","39_40:100;39_38:84","true"
"40","181.38543394141195","109.74223341763746","0","0","0.018399999999999972","0.0194","0.01739999999999997","1560","0.00032816975474732964","0","0.00032816975474732964","0.00032816975474732964","40_34:0.0034592607392630037;40_39:0.011874563383194675;40_41:1","40_34:112;40_39:100;40_41:124","true"
"41","39.07182829510368","47.93747886241488","0","0","0.02499999999999991","0.046666666666666634","0.0033333333333333335","1560","0.002304600782762868","0","0.002304600782762868","0.002304600782762868","41_40:1;41_42:1","41_40:124;41_42:124","true"
"42","210.75007714230662","199.80289236466658","0","0","0.024399999999999977","0.022399999999999975","0.0264","1560","0.0003022162206223942","0","0.0003022162206223942","0.0003022162206223942","42_54:0.00371054418070485;42_43:0.0028494495046019475;42_41:1","42_54:84;42_43:84;42_41:124","true"
"43","214.5088113648762","120.08536616263112","0","0","0.011700000000000044","0.0148","0.008600000000000052","1560","0.00017373038760163062","0","0.00017373038760163062","0.00017373038760163062","43_44:0.0035908866689254304;43_42:0.0028494495046019475","43_44:84;43_42:84","true"
"44","196.11313426921626","227.25599591886396","0","0","0.019100000000000006","0.0178","0.020399999999999974","1560","0.00020497395498380235","0","0.00020497395498380235","0.00020497395498380235","44_35:0.0032526910324510716;44_45:0.008383859239496305;44_43:0.0035908866689254304","44_35:124;44_45:84;44_43:84","true"
"45","52.30161286102258","64.85240683203494","0","0","0.01629999999999998","0.0224","0.010199999999999987","1560","0.0006067724952615837","0","0.0006067724952615837","0.0006067724952615837","45_44:0.008383859239496305;45_46:0.006964365459933147","45_44:84;45_46:124","true"
"46","288.9317150208576","151.3170385497092","0","0","0.04489999999999994","0.04059999999999997","0.0492","1560","0.00018890102028471705","0","0.00018890102028471705","0.00018890102028471705","46_55:0.0039434722000800115;46_45:0.006964365459933147;46_47:0.003282564194041687","46_55:100;46_45:124;46_47:84","true"
"47","208.4372509543571","64.58022089700425","0","0","0.012499999999999956","0.015199999999999991","0.0098","1560","0.000362678023121896","0","0.000362678023121896","0.000362678023121896","47_48:0.003148335906269284;47_46:0.003282564194041687","47_48:84;47_46:84","true"
"48","200.15516235717038","343.4586943347622","0","0","0.055500000000000105","0.05900000000000005","0.052","1560","0.00026892124840723595","0","0.00026892124840723595","0.00026892124840723595","48_36:0.0032720130559361904;48_49:0.004389364295480674;48_47:0.003148335906269284","48_36:84;48_49:84;48_47:84","true"
"49","102.4903857959117","103.14495775080165","0","0","0.009500000000000064","0.0122","0.006800000000000028","1560","0.00025892370338555546","0","0.00025892370338555546","0.00025892370338555546","49_48:0.004389364295480674;49_50:0.004701714238681459","49_48:84;49_50:84","true"
"50","154.91923426185372","217.25966222663754","0","0","0.02310000000000001","0.02300000000000002","0.0232","1560","0.00035209660041590177","0","0.00035209660041590177","0.00035209660041590177","50_56:0.0025600845911696313;50_51:0.0036311547039603598;50_49:0.004701714238681459","50_56:100;50_51:84;50_49:84","true"
"51","211.5667766193629","148.39094921501365","0","0","0.00649999999999995","0.009199999999999986","0.0038","1560","0.00015750138160727323","0","0.00015750138160727323","0.00015750138160727323","51_50:0.0036311547039603598;51_52:0.00202078023652702","51_50:84;51_52:124","true"
"52","195.18026726421135","235.91979442825084","0","0","0.015199999999999991","0.010800000000000032","0.0196","1560","0.00031731233072031576","0","0.00031731233072031576","0.00031731233072031576","52_51:0.00202078023652702;52_37:0.002956120974101223","52_51:124;52_37:120","true"
"53","65.427700696487","73.54013840150799","0","0","0.09670000000000001","0.10360000000000003","0.0898","1560","0.002294273965214399","0","0.002294273965214399","0.002294273965214399","53_57:0.006467837175709451;53_38:0.008510964863106985","53_57:124;53_38:124","true"
"54","173.9030584677664","198.53148988772782","0","0","0.006299999999999972","0.008","0.0046000000000000485","1560","0.00023625757371141447","0","0.00023625757371141447","0.00023625757371141447","54_61:0.004808575101319129;54_42:0.00371054418070485","54_61:168;54_42:84","true"
"55","142.9326998980034","142.16129779426436","0","0","0.0121","0.015199999999999991","0.009","1560","0.0002479920475833169","0","0.0002479920475833169","0.0002479920475833169","55_65:0.0033837028514655254;55_46:0.0039434722000800115","55_65:136;55_46:100","true"
"56","208.4154862638135","133.87349709465508","0","0","0.011700000000000044","0.0116","0.011800000000000033","1560","0.0002868383961004584","0","0.0002868383961004584","0.0002868383961004584","56_50:0.0025600845911696313;56_69:0.004642469272325173","56_50:100;56_69:176","true"
"57","148.0935188472191","131.32572814586953","0","0","0.011099999999999999","0.012199999999999989","0.01","1560","0.0003861080580016606","0","0.0003861080580016606","0.0003861080580016606","57_53:0.006467837175709451;57_58:0.0029288944608547862","57_53:124;57_58:84","true"
"58","147.86730849448782","142.37645413003486","0","0","0.009600000000000053","0.012","0.007199999999999984","1560","0.0002627209990537946","0","0.0002627209990537946","0.0002627209990537946","58_57:0.0029288944608547862;58_59:0.002762024884234715","58_57:84;58_59:84","true"
"59","159.68073470025752","145.3401379229632","0","0","0.02079999999999993","0.02200000000000002","0.0196","1560","0.00035173615171120323","0","0.00035173615171120323","0.00035173615171120323","59_60:0.02664068203070616;59_72:0.002477496278877972;59_58:0.002762024884234715","59_60:84;59_72:84;59_58:84","true"
"60","119.684925559537","160.38584343341904","0","0","0.012399999999999967","0.0166","0.008199999999999985","1560","0.0015707292216846967","0","0.0015707292216846967","0.0015707292216846967","60_61:0.011565275616587878;60_59:0.02664068203070616","60_61:84;60_59:84","true"
"61","190.42483008547663","140.41914283446658","0","0","0.008099999999999996","0.009","0.007199999999999984","1560","0.00031855535614811647","0","0.00031855535614811647","0.00031855535614811647","61_60:0.011565275616587878;61_54:0.004808575101319129;61_62:0.0036077460337938794","61_60:84;61_54:168;61_62:84","true"
"62","119.05899076025673","116.90088784138223","0","0","0.012499999999999956","0.0158","0.009199999999999986","1560","0.00038578005970183073","0","0.00038578005970183073","0.00038578005970183073","62_61:0.0036077460337938794;62_63:0.00709533571258264","62_61:84;62_63:180","true"
"63","107.89111081483176","128.32758103160938","0","0","0.024499999999999966","0.03700000000000003","0.012","1560","0.0010831531445808936","0","0.0010831531445808936","0.0010831531445808936","63_73:0.003960916915372342;63_64:0.007675290490458592;63_62:0.00709533571258264","63_73:104;63_64:84;63_62:180","true"
"64","255.11287895644185","114.53064282990503","0","0","0.11149999999999993","0.1794","0.0436","1560","0.0008114186973674215","0","0.0008114186973674215","0.0008114186973674215","64_65:0.007946044978061284;64_63:0.007675290490458592","64_65:84;64_63:84","true"
"65","205.34974607795112","209.28898014183554","0","0","0.01089999999999991","0.014399999999999968","0.0074","1560","0.00043576105247232857","0","0.00043576105247232857","0.00043576105247232857","65_55:0.0033837028514655254;65_64:0.007946044978061284;65_66:0.005957190550054614","65_55:136;65_64:84;65_66:84","true"
"66","175.5296262448195","242.98509027160128","0","0","0.009199999999999986","0.0112","0.007199999999999984","1560","0.0001872149063865637","0","0.0001872149063865637","0.0001872149063865637","66_67:0.002829874328828891;66_65:0.005957190550054614","66_67:84;66_65:84","true"
"67","154.2447832652005","122.43642359967878","0","0","0.03720000000000001","0.03959999999999997","0.0348","1560","0.00026237172451022483","0","0.00026237172451022483","0.00026237172451022483","67_66:0.002829874328828891;67_74:0.003304550889604463;67_68:0.004371404627244557","67_66:84;67_74:88;67_68:104","true"
"68","123.15724445900283","66.83976921683812","0","0","0.029100000000000015","0.0312","0.027000000000000024","1560","0.0005466383645858919","0","0.0005466383645858919","0.0005466383645858919","68_69:0.004361143803304851;68_67:0.004371404627244557","68_69:124;68_67:104","true"
"69","224.57542777941683","43.09514556753932","0","0","0.03410000000000002","0.03700000000000003","0.0312","1560","0.0003807557336879478","0","0.0003807557336879478","0.0003807557336879478","69_68:0.004361143803304851;69_70:0.009300232615805981;69_56:0.004642469272325173","69_68:124;69_70:84;69_56:176","true"
"70","49.20948731077699","27.908929112484223","0","0","0.04190000000000005","0.038","0.04579999999999995","1560","0.0006532643125129706","0","0.0006532643125129706","0.0006532643125129706","70_71:0.008495449594052046;70_69:0.009300232615805981","70_71:84;70_69:84","true"
"71","173.50518705884497","42.051607955091825","0","0","0.024900000000000033","0.027800000000000047","0.022","1560","0.00038558436106717926","0","0.00038558436106717926","0.00038558436106717926","71_70:0.008495449594052046;71_75:0.003528353986273991","71_70:84;71_75:120","true"
"72","297.5782980618978","88.50878907425677","0","0","0.008199999999999985","0.006","0.010399999999999965","1560","0.0008648015237105077","0","0.0008648015237105077","0.0008648015237105077","72_78:0.0033181004771477285;72_59:0.002477496278877972","72_78:136;72_59:84","true"
"73","189.11091293807118","95.55418695867634","0","0","0.007800000000000029","0.0082","0.007399999999999962","1560","0.0009370551459417396","0","0.0009370551459417396","0.0009370551459417396","73_63:0.003960916915372342;73_82:1","73_63:104;73_82:104","true"
"74","256.17050335201407","135.5917663470183","0","0","0.008099999999999996","0.0098","0.006399999999999961","1560","0.0003654018476412445","0","0.0003654018476412445","0.0003654018476412445","74_67:0.003304550889604463;74_86:0.0020484718716873296","74_67:88;74_86:124","true"
"75","277.066986678444","120.4393176703491","0","0","0.04079999999999995","0.06000000000000005","0.0216","1560","0.0010350791572661339","0","0.0010350791572661339","0.0010350791572661339","75_71:0.003528353986273991;75_90:0.003169177975597015","75_71:120;75_90:104","true"
"76","232.97087261632535","271.62562402165844","0","0","0.030399999999999983","0.022800000000000042","0.038","1560","0.0002747818351489032","0","0.0002747818351489032","0.0002747818351489032","76_91:0.012928609511085265;76_77:0.00773948636149252","76_91:100;76_77:84","true"
"77","142.29943280184085","146.0060666155633","0","0","0.013000000000000012","0.0148","0.011199999999999988","1560","0.0001566598301987491","0","0.0001566598301987491","0.0001566598301987491","77_78:0.004649232382896051;77_76:0.00773948636149252","77_78:84;77_76:84","true"
"78","80.80386111538412","99.83852340168147","0","0","0.025600000000000067","0.031399999999999983","0.0198","1560","0.0003654011238274047","0","0.0003654011238274047","0.0003654011238274047","78_79:0.03175788041241717;78_72:0.0033181004771477285;78_77:0.004649232382896051","78_79:104;78_72:136;78_77:84","true"
"79","56.63255127623219","29.903669286247887","0","0","0.03410000000000002","0.0598","0.008399999999999963","1560","0.0028279946375379303","0","0.0028279946375379303","0.0028279946375379303","79_78:0.03175788041241717;79_80:0.024073044136992072","79_78:104;79_80:84","true"
"80","140.94621286230745","26.662561547212142","0","0","0.03090000000000004","0.04200000000000004","0.0198","1560","0.00042712265002658567","0","0.00042712265002658567","0.00042712265002658567","80_79:0.024073044136992072;80_92:0.003359410236023097;80_81:0.019338485962132668","80_79:84;80_92:100;80_81:84","true"
"81","210.21658631139226","179.64045810482205","0","0","0.005800000000000027","0.007","0.0046000000000000485","1560","0.000513568275280279","0","0.000513568275280279","0.000513568275280279","81_82:0.005033640519803401;81_80:0.019338485962132668","81_82:100;81_80:84","true"
"82","48.124429292068555","75.69775320501904","0","0","0.05580000000000007","0.05820000000000003","0.0534","1560","0.0004593635280180207","0","0.0004593635280180207","0.0004593635280180207","82_83:0.014185939699734723;82_81:0.005033640519803401;82_73:1","82_83:84;82_81:100;82_73:104","true"
"83","170.30572795005813","92.39574807144255","0","0","0.01079999999999992","0.0124","0.009199999999999986","1560","0.00031162754267820346","0","0.00031162754267820346","0.00031162754267820346","83_82:0.014185939699734723;83_84:0.0031541547122878044","83_82:84;83_84:124","true"
"84","238.50950282007798","177.68123282983586","0","0","0.0495000000000001","0.05900000000000005","0.04","1560","0.00033140906818663305","0","0.00033140906818663305","0.00033140906818663305","84_85:0.007309457724818308;84_93:0.002073151360743125;84_83:0.0031541547122878044","84_85:104;84_93:84;84_83:124","true"
"85","10.833300127609593","17.097661128375226","0","0","0.029100000000000015","0.0452","0.013000000000000012","1560","0.001293440195975179","0","0.001293440195975179","0.001293440195975179","85_84:0.007309457724818308;85_86:0.010920541646226106","85_84:104;85_86:84","true"
"86","217.2149543907791","125.76898050956243","0","0","0.06590000000000007","0.0806","0.05120000000000002","1560","0.000215365913080264","0","0.000215365913080264","0.000215365913080264","86_87:0.0032871418134329533;86_85:0.010920541646226106;86_74:0.0020484718716873296","86_87:84;86_85:84;86_74:124","true"
"87","132.9747344896656","161.1557072364601","0","0","0.005900000000000016","0.0074","0.0043999999999999595","1560","0.00015110145182867653","0","0.00015110145182867653","0.00015110145182867653","87_86:0.0032871418134329533;87_88:0.005588731422770166","87_86:84;87_88:84","true"
"88","246.2203904646856","289.21910212593804","0","0","0.07020000000000004","0.08020000000000005","0.0602","1560","0.0016109424509687747","0","0.0016109424509687747","0.0016109424509687747","88_94:0.009898092446091439;88_89:0.00799373723520802;88_87:0.005588731422770166","88_94:92;88_89:84;88_87:84","true"
"89","23.754962047551174","33.719807305011585","0","0","0.013299999999999979","0.0144","0.012199999999999989","1560","0.0005578072511874841","0","0.0005578072511874841","0.0005578072511874841","89_88:0.00799373723520802;89_90:0.0035653166041391404","89_88:84;89_90:100","true"
"90","231.50830744375293","220.31732574419826","0","0","0.03410000000000002","0.02639999999999998","0.0418","1560","0.00016164464426207973","0","0.00016164464426207973","0.00016164464426207973","90_89:0.0035653166041391404;90_75:0.003169177975597015","90_89:100;90_75:104","true"
"91","58.25637987804323","25.910657303468074","0","0","0.0131","0.014599999999999946","0.0116","1560","0.0003586426368636892","0","0.0003586426368636892","0.0003586426368636892","91_95:0.0034760678851835924;91_76:0.012928609511085265","91_95:144;91_76:100","true"
"92","113.61540556019737","141.02277222837648","0","0","0.006399999999999961","0.0092","0.0036000000000000476","1560","0.0005274603638727655","0","0.0005274603638727655","0.0005274603638727655","92_99:0.002033569605103952;92_80:0.003359410236023097","92_99:84;92_80:100","true"
"93","237.75777283663083","180.27612362586845","0","0","0.01079999999999992","0.012199999999999989","0.0094","1560","0.00018846610555283826","0","0.00018846610555283826","0.00018846610555283826","93_84:0.002073151360743125;93_103:0.0024014220013580667","93_84:84;93_103:124","true"
"94","223.59311832952102","141.93477775077943","0","0","0.010700000000000043","0.0118","0.009600000000000053","1560","0.00031565608397314564","0","0.00031565608397314564","0.00031565608397314564","94_88:0.009898092446091439;94_107:0.005600773565182293","94_88:92;94_107:120","true"
"95","247.5652575074545","123.68337908632968","0","0","0.05269999999999997","0.0478","0.057599999999999985","1560","0.0010019989798407966","0","0.0010019989798407966","0.0010019989798407966","95_91:0.0034760678851835924;95_96:0.008600391518690603","95_91:144;95_96:84","true"
"96","57.04875954747435","63.23749418837286","0","0","0.010399999999999965","0.0098","0.01100000000000001","1560","0.0004854048581396937","0","0.0004854048581396937","0.0004854048581396937","96_95:0.008600391518690603;96_97:0.009215946583997298","96_95:84;96_97:84","true"
"97","242.27780436770828","192.19732793432672","0","0","0.030000000000000027","0.0276","0.032399999999999984","1560","0.00014740823044479142","0","0.00014740823044479142","0.00014740823044479142","97_98:0.001986913592712386;97_110:0.00191237302995112;97_96:0.009215946583997298","97_98:124;97_110:104;97_96:84","true"
"98","168.50745016144808","49.48905181334418","0","0","0.01990000000000003","0.027000000000000024","0.0128","1560","0.00015169338539886465","0","0.00015169338539886465","0.00015169338539886465","98_99:0.006420680583475252;98_97:0.001986913592712386","98_99:84;98_97:124","true"
"99","165.42360483506295","26.893007127258095","0","0","0.016100000000000003","0.0154","0.016800000000000037","1560","0.00029891861082064814","0","0.00029891861082064814","0.00029891861082064814","99_98:0.006420680583475252;99_92:0.002033569605103952;99_100:0.014340061633985296","99_98:84;99_92:84;99_100:84","true"
"100","12.637487500562305","15.592048460838592","0","0","0.18809999999999993","0.28","0.0962","1560","0.00269847300678441","0","0.00269847300678441","0.00269847300678441","100_101:0.0048314263328393114;100_99:0.014340061633985296","100_101:84;100_99:84","true"
"101","173.34598427328189","106.46229577510672","0","0","0.05030000000000001","0.0696","0.031","1560","0.00025939661824013813","0","0.00025939661824013813","0.00025939661824013813","101_100:0.0048314263328393114;101_111:0.002725780459546495;101_102:0.0031338150188621183","101_100:84;101_111:124;101_102:84","true"
"102","161.65230346780228","57.04008198636458","0","0","0.025399999999999978","0.0284","0.022399999999999975","1560","0.0004711452160854176","0","0.0004711452160854176","0.0004711452160854176","102_103:0.005452158272712282;102_101:0.0031338150188621183","102_103:84;102_101:84","true"
"103","283.7326895239968","80.63385842644388","0","0","0.02190000000000003","0.021399999999999975","0.0224","1560","0.00015788309720142355","0","0.00015788309720142355","0.00015788309720142355","103_102:0.005452158272712282;103_104:0.002872521527637062;103_93:0.0024014220013580667","103_102:84;103_104:100;103_93:124","true"
"104","59.5424838853337","87.99259138525515","0","0","0.01100000000000001","0.016","0.006000000000000005","1560","0.00033260732773255893","0","0.00033260732773255893","0.00033260732773255893","104_105:0.005374868978331809;104_103:0.002872521527637062","104_105:120;104_103:100","true"
"105","73.78383647994607","87.7784572845789","0","0","0.04960000000000009","0.052200000000000024","0.047","1560","0.0003312419289926565","0","0.0003312419289926565","0.0003312419289926565","105_104:0.005374868978331809;105_112:0.004763113809644226;105_106:0.015012010492601868","105_104:120;105_112:84;105_106:84","true"
"106","134.65401832957687","123.0559830184446","0","0","0.023600000000000065","0.03720000000000001","0.01","1560","0.0008370378597032096","0","0.0008370378597032096","0.0008370378597032096","106_107:0.00850427060122344;106_105:0.015012010492601868","106_107:84;106_105:84","true"
"107","235.65361097301627","188.78253953975357","0","0","0.04610000000000003","0.05400000000000005","0.0382","1560","0.0004248029016735619","0","0.0004248029016735619","0.0004248029016735619","107_106:0.00850427060122344;107_108:0.0025819152935396272;107_94:0.005600773565182293","107_106:84;107_108:84;107_94:120","true"
"108","91.0667224327416","110.39308261041255","0","0","0.009200000000000097","0.0138","0.0046000000000000485","1560","0.0006393645046165195","0","0.0006393645046165195","0.0006393645046165195","108_109:0.005485901435247326;108_107:0.0025819152935396272","108_109:124;108_107:84","true"
"109","18.64345852388524","19.171835543323283","0","0","0.029000000000000026","0.03720000000000001","0.0208","1560","0.0005203870762879362","0","0.0005203870762879362","0.0005203870762879362","109_108:0.005485901435247326;109_113:0.00415768180429546","109_108:124;109_113:124","true"
"110","223.44414770099007","202.0870876951717","0","0","0.006299999999999972","0.007600000000000051","0.005","1560","0.00021283479805819658","0","0.00021283479805819658","0.00021283479805819658","110_116:0.004503979502563815;110_97:0.00191237302995112","110_116:84;110_97:104","true"
"111","211.52465106066353","65.55995527287371","0","0","0.014000000000000012","0.007199999999999984","0.0208","1560","0.00033782644018658835","0","0.00033782644018658835","0.00033782644018658835","111_101:0.002725780459546495;111_120:0.0030236407097888884","111_101:124;111_120:144","true"
"112","264.39037751158975","179.29236129529747","0","0","0.008000000000000007","0.0104","0.005600000000000049","1560","0.00031099130015040143","0","0.00031099130015040143","0.00031099130015040143","112_105:0.004763113809644226;112_124:0.004461418046788956","112_105:84;112_124:84","true"
"113","253.90298195140485","224.69282081374718","0","0","0.1604","0.1588","0.16200000000000003","1560","0.002946607603995417","0","0.002946607603995417","0.002946607603995417","113_109:0.00415768180429546;113_128:0.004275628738457049","113_109:124;113_128:84","true"
"114","118.324413611101","159.52966790082658","0","0","0.055199999999999916","0.0578","0.05259999999999998","1560","0.00021300180212019328","0","0.00021300180212019328","0.00021300180212019328","114_129:0.006248585458204642;114_115:0.006803784198074175","114_129:84;114_115:120","true"
"115","32.053209381387916","36.34493458950699","0","0","0.0464","0.0646","0.028200000000000003","1560","0.0015113436021188715","0","0.0015113436021188715","0.0015113436021188715","115_116:0.006616063459381427;115_114:0.006803784198074175","115_116:152;115_114:120","true"
"116","173.53387301454723","122.07866166843863","0","0","0.021199999999999997","0.0212","0.021199999999999997","1560","0.00018995887468526294","0","0.00018995887468526294","0.00018995887468526294","116_117:0.004652373069108623;116_110:0.004503979502563815;116_115:0.006616063459381427","116_117:84;116_110:84;116_115:152","true"
"117","69.63417932925306","25.128291113997147","0","0","0.014799999999999924","0.023399999999999976","0.0062","1560","0.0009208691218534817","0","0.0009208691218534817","0.0009208691218534817","117_116:0.004652373069108623;117_118:0.009438622054199597","117_116:84;117_118:84","true"
"118","310.92617257344534","168.77897953488238","0","0","0.06510000000000005","0.05900000000000005","0.0712","1560","0.0003239098904079689","0","0.0003239098904079689","0.0003239098904079689","118_130:0.004426890928342336;118_117:0.009438622054199597;118_119:0.005350242462400012","118_130:84;118_117:84;118_119:84","true"
"119","145.69912848585838","161.96313597479332","0","0","0.01990000000000003","0.0146","0.0252","1560","0.00022000053339456667","0","0.00022000053339456667","0.00022000053339456667","119_120:0.002407919536388664;119_118:0.005350242462400012","119_120:84;119_118:84","true"
"120","134.08666814292624","136.25674969085438","0","0","0.013800000000000034","0.014399999999999968","0.0132","1560","0.00020684622436080509","0","0.00020684622436080509","0.00020684622436080509","120_121:0.0016715600923152274;120_119:0.002407919536388664;120_111:0.0030236407097888884","120_121:84;120_119:84;120_111:144","true"
"121","359.5227096527763","142.51309665760587","0","0","0.014399999999999968","0.0154","0.013399999999999967","1560","0.00016409110430010027","0","0.00016409110430010027","0.00016409110430010027","121_122:0.0026080482896120305;121_120:0.0016715600923152274","121_122:124;121_120:84","true"
"122","165.28624700785596","221.02705384686703","0","0","0.0636000000000001","0.05300000000000005","0.0742","1560","0.00024270526939625797","0","0.00024270526939625797","0.00024270526939625797","122_121:0.0026080482896120305;122_131:0.0029061986416785146;122_123:0.019985012610747033","122_121:124;122_131:100;122_123:84","true"
"123","99.30307269048522","72.48457960283623","0","0","0.14860000000000007","0.2732","0.024","1560","0.01043193462634315","0","0.01043193462634315","0.01043193462634315","123_122:0.019985012610747033;123_124:1","123_122:84;123_124:84","true"
"124","239.08667649276342","154.38851605119402","0","0","0.057599999999999985","0.06040000000000001","0.0548","1560","0.00016286088020094292","0","0.00016286088020094292","0.00016286088020094292","124_125:0.0062405543307437195;124_112:0.004461418046788956;124_123:1","124_125:124;124_112:84;124_123:84","true"
"125","158.78410561361096","168.30869647940597","0","0","0.011099999999999999","0.0114","0.010800000000000032","1560","0.00032546339527836983","0","0.00032546339527836983","0.00032546339527836983","125_126:0.00645781088436459;125_124:0.0062405543307437195","125_126:100;125_124:124","true"
"126","14.441434171794624","14.311528476279491","0","0","0.06159999999999999","0.09860000000000002","0.0246","1560","0.0009330609727612675","0","0.0009330609727612675","0.0009330609727612675","126_125:0.00645781088436459;126_127:0.004731384888694651;126_132:0.005811323990217054","126_125:100;126_127:84;126_132:100","true"
"127","299.8940234192214","91.52317321991217","0","0","0.02949999999999997","0.0356","0.023399999999999976","1560","0.0002687851580835623","0","0.0002687851580835623","0.0002687851580835623","127_126:0.004731384888694651;127_128:0.006676594850383383","127_126:84;127_128:84","true"
"128","275.7875897163461","138.38624085738314","0","0","0.021700000000000053","0.01980000000000004","0.0236","1560","0.00024119652677548952","0","0.00024119652677548952","0.00024119652677548952","128_127:0.006676594850383383;128_113:0.004275628738457049","128_127:84;128_113:84","true"
"129","281.07240664187873","149.47812865850887","0","0","0.016199999999999992","0.0178","0.014599999999999946","1560","0.0010953315453354445","0","0.0010953315453354445","0.0010953315453354445","129_114:0.006248585458204642","129_114:84","true"
"130","251.2446298531091","87.21663591538415","0","0","0.008099999999999996","0.0084","0.007800000000000029","1560","0.0005116794421892347","0","0.0005116794421892347","0.0005116794421892347","130_118:0.004426890928342336","130_118:84","true"
"131","173.63834766144655","136.60364619914512","0","0","0.014399999999999968","0.0152","0.013599999999999945","1560","0.0003582248501063491","0","0.0003582248501063491","0.0003582248501063491","131_122:0.0029061986416785146","131_122:100","true"
"132","262.59358731180305","405.9232995498799","0","0","0.007800000000000029","0.006399999999999961","0.0092","1560","0.00034613015233841976","0","0.00034613015233841976","0.00034613015233841976","132_126:0.005811323990217054","132_126:100","true"